{
  "type": "object",
  "comment": "Blank",
  "properties": {
    "approvallist": {
      "type": "array",
      "items": {
        "type": "object",
        "properties": {
          "name": {
            "type": "string",
            "update": {
              "type": "none"
            },
            "control": "property.innerText",
            "selectIndex": 5,
            "selector": "td"
          },
          "datesubmitted": {
            "type": "string",
            "update": {
              "type": "none"
            },
            "control": "property.innerText",
            "selectIndex": 7,
            "selector": "td"
          },
          "amount": {
            "type": "string",
            "control": {
              "control": "property.innerText",
              "fn": "extractTotal",
              "args": [
                ""
              ]
            },
            "selectIndex": 3,
            "selector": "td"
          }
        }
      },
      "update": {
        "type": "none"
      },
      "selectorAll": "#reportsContainer table[cellspacing='0'] tbody tr"
    },
    "logout": {
      "type": "action"
    },
    "isReportsSelected": {
      "type": "identifier",
      "control": "exists",
      "selector": "h1",
      "selectContains": "Reports"
    }
  },
  "id": "home",
  "connect": [
    {
      "match": [
        "isReportsSelected"
      ],
      "event": "home"
    }
  ]
}
