{
  "type": "object",
  "comment": "Login",
  "properties": {
    "username": {
      "type": "string",
      "label": "username",
      "control": "text",
      "selector": "input[id='signinemail']"
    },
    "password": {
      "type": "string",
      "label": "password",
      "control": "text",
      "selector": "input[id='signinpassword']"
    },
    "submit": {
      "type": "action",
      "control": "action.click",
      "selector": "button[id='signinbutton']"
    },
    "errorMessage": {
      "type": "string",
      "update": {
        "type": "none"
      }
    },
    "isLogin": {
      "type": "identifier",
      "control": "exists",
      "selector": "button[id='signinbutton']"
    }
  },
  "id": "login",
  "connect": [
    {
      "match": [
        "isLogin"
      ],
      "event": "login"
    }
  ]
}
