{
  "menu": {
    "type": "object",
    "properties": {},
    "id": "menu",
    "sourcePath": "menu"
  },
  "login": {
    "type": "object",
    "comment": "Login",
    "properties": {
      "username": {
        "type": "string",
        "label": "username"
      },
      "password": {
        "type": "string",
        "label": "password"
      },
      "submit": {
        "type": "action",
        "parameters": {
          "username": {
            "type": "string"
          },
          "password": {
            "type": "string"
          }
        }
      },
      "errorMessage": {
        "type": "string",
        "update": {
          "type": "none"
        }
      }
    },
    "id": "login",
    "sourcePath": "login"
  },
  "home": {
    "type": "object",
    "comment": "Blank",
    "properties": {
      "approvallist": {
        "type": "array",
        "items": {
          "type": "object",
          "properties": {
            "name": {
              "type": "string",
              "update": {
                "type": "none"
              }
            },
            "datesubmitted": {
              "type": "string",
              "update": {
                "type": "none"
              }
            },
            "amount": {
              "type": "string"
            }
          }
        },
        "update": {
          "type": "none"
        }
      },
      "logout": {
        "type": "action"
      }
    },
    "id": "home",
    "sourcePath": "home"
  },
  "summary": {
    "type": "object",
    "comment": "Blank",
    "properties": {
      "fname": {
        "type": "string"
      },
      "lname": {
        "type": "string"
      },
      "email": {
        "type": "string"
      },
      "submit": {
        "type": "action"
      },
      "pagetitle": {
        "type": "string"
      }
    },
    "id": "summary"
  },
  "createissue": {
    "type": "object",
    "comment": "Blank",
    "properties": {
      "Tickets": {
        "type": "array",
        "items": {
          "type": "object",
          "properties": {
            "issueTypes": {
              "type": "select"
            },
            "issueSubtypes": {
              "type": "array",
              "items": {
                "type": "object",
                "properties": {
                  "subtype": {
                    "type": "string",
                    "update": {
                      "type": "none"
                    }
                  },
                  "subtypeSelected": {
                    "type": "boolean"
                  }
                }
              }
            }
          }
        }
      },
      "issueTypesMeta": {
        "type": "select"
      },
      "issuesSubtypesMeta": {
        "type": "array",
        "items": {
          "type": "object",
          "properties": {
            "type": {
              "type": "string"
            },
            "subtypes": {
              "type": "array",
              "items": {
                "type": "object",
                "properties": {
                  "subtype": {
                    "type": "string"
                  },
                  "subtypeSelected": {
                    "type": "boolean"
                  }
                }
              }
            }
          }
        }
      }
    },
    "id": "createissue"
  }
}