{
  "id": "__BASE__",
  "name": "kdgapp1",
  "screens": [
    {
      "id": "login",
      "name": "Login",
      "sourceScreenId": "Login_LoginLightBlue",
      "sourceAppId": "universaltemplates"
    },
    {
      "id": "home",
      "name": "home",
      "sourceScreenId": "blank",
      "sourceAppId": "default"
    },
    {
      "id": "summary",
      "name": "summary",
      "sourceScreenId": "blank",
      "sourceAppId": "default"
    },
    {
      "id": "createissue",
      "name": "createissue",
      "sourceScreenId": "ListView_ProductList",
      "sourceAppId": "universaltemplates"
    }
  ],
  "startScreen": "login"
}