[
  {
    "id": "cordova-plugin-whitelist",
    "default": true
  },
  {
    "id": "cordova-plugin-app-event",
    "default": true
  },
  {
    "id": "cordova-plugin-device",
    "default": true
  },
  {
    "id": "cordova-plugin-statusbar",
    "default": true
  },
  {
    "id": "ionic-plugin-keyboard",
    "default": true
  },
  {
    "id": "cordova-plugin-file"
  },
  {
    "id": "cordova-plugin-file-transfer"
  },
  {
    "id": "cordova-plugin-powwow",
    "default": true
  },
  {
    "id": "cordova-plugin-wkwebview-engine",
    "default": true
  },
  {
    "id": "cordova-plugin-wkwebviewxhrfix",
    "default": true
  }
]