{
    "approvallist": [
        {
            "name": "Craig Parks",
            "datesubmitted": "29-May-2018",
            "amount": "313"
        },
        {
            "name": "Vineet Ahluwalia",
            "datesubmitted": "26-May-2018",
            "amount": "21"
        },
        {
            "name": "Madan Pathak",
            "datesubmitted": "26-Apr-2018",
            "amount": "2122"
        },
        {
            "name": "Kia Behnia",
            "datesubmitted": "01-Jan-2018",
            "amount": "600"
        },
        {
            "name": "Craig Parks",
            "datesubmitted": "29-May-2018",
            "amount": "313"
        },
        {
            "name": "Kia Behnia",
            "datesubmitted": "01-Jan-2018",
            "amount": "600"
        },
        {
            "name": "Vineet Ahluwalia",
            "datesubmitted": "26-May-2018",
            "amount": "21"
        },
        {
            "name": "Madan Pathak",
            "datesubmitted": "26-Apr-2018",
            "amount": "2122"
        },
        {
            "name": "Kia Behnia",
            "datesubmitted": "01-Jan-2018",
            "amount": "600"
        }
    ]
}