{
  "Tickets": [
    {
      "issueTypes": {
        "options": []
      },
      "issueSubtypes": []
    }
  ],
  "issueTypesMeta": {
    "options": [
      {
        "label": "Meta Type 1",
        "value": "Meta Type 1"
      },
      {
        "label": "Meta Type 2",
        "value": "Meta Type 2"
      },
      {
        "label": "Meta Type 3",
        "value": "Meta Type 3"
      },
      {
        "label": "Meta Type 4",
        "value": "Meta Type 4"
      },
      {
        "label": "Meta Type 5",
        "value": "Meta Type 5"
      }
    ],
    "selected": {}
  },
  "issuesSubtypesMeta": [
    {
      "subtypes": [
        {
          "subtype": "11"
        },
        {
          "subtype": "12"
        },
        {
          "subtype": "13"
        },
        {
          "subtype": "14"
        }
      ],
      "type": "Meta Type 1"
    },
    {
      "type": "Meta Type 2",
      "subtypes": [
        {
          "subtype": "21"
        },
        {
          "subtype": "22"
        },
        {
          "subtype": "23"
        }
      ]
    }
  ]
}